method,stage,ratio,measured_unit_seconds,multiplier,parallel_waves,estimated_seconds,estimated_human,confidence,note,method_status,method_warning
Random,sample_and_build_four_masks,,0.001948718,1.000000,1,0.001949,0.002s,high,3 seeds occupy 1 parallel wave(s).,ok,
Herding,resnet18_feature_extraction,,0.001814794,391.000000,1,0.709584,0.710s,medium-high,ImageNet weight loading is excluded; 3 seeds occupy 1 wave(s).,ok,
Herding,classwise_greedy_selection,60,0.208989725,310.726950,1,64.938740,1m 04.9s,medium,"Scaled by the exact candidate-comparison count and 1 seed wave(s), from 8x100 probe classes to 100x500.",ok,
Herding,classwise_greedy_selection,70,0.191633301,310.591603,1,59.519694,59.520s,medium,"Scaled by the exact candidate-comparison count and 1 seed wave(s), from 8x100 probe classes to 100x500.",ok,
Herding,classwise_greedy_selection,80,0.208780186,310.433884,1,64.812444,1m 04.8s,medium,"Scaled by the exact candidate-comparison count and 1 seed wave(s), from 8x100 probe classes to 100x500.",ok,
Herding,classwise_greedy_selection,90,0.209862934,310.247748,1,65.109503,1m 05.1s,medium,"Scaled by the exact candidate-comparison count and 1 seed wave(s), from 8x100 probe classes to 100x500.",ok,
EL2N,proxy_training_to_score_epoch,,0.009496035,31260.000000,1,296.846055,4m 56.8s,medium-high,Score checkpoint is epoch 20; 3 runs use 1 parallel wave(s).,ok,
EL2N,el2n_full_dataset_scoring,,0.006474300,500.000000,1,3.237150,3.237s,medium-high,Per-run scoring is parallel across the available machines.,ok,
EL2N,mean_aggregation_and_four_masks,,0.010749656,1.000000,1,0.010750,0.011s,high,The repository sorts independently for every keep ratio.,ok,
GraNd,proxy_training_to_score_epoch,,0.008567969,31260.000000,1,267.834721,4m 27.8s,medium-high,Score checkpoint is epoch 20; repeated runs fit in 1 wave(s).,ok,
GraNd,per_sample_gradient_norm_scoring,,0.019120048,10000.000000,1,191.200480,3m 11.2s,medium-low,Uses the repository torch.func/vmap path when available; this is the most hardware-sensitive GraNd stage.,ok,
GraNd,mean_aggregation_and_four_masks,,0.010595011,1.000000,1,0.010595,0.011s,high,Four ratios share the same averaged score but are sorted separately.,ok,
Forgetting,proxy_training_with_forgetting_tracking,,0.008826314,312600.000000,1,2759.105807,45m 59.1s,medium-high,One measured batch is extrapolated to 200 epochs; forgetting-event updates are inside the measured step.,ok,
Forgetting,mean_aggregation_and_four_masks,,0.010636394,1.000000,1,0.010636,0.011s,high,Final forgetting scores are averaged and then sorted for all four masks.,ok,
MDS,resnet50_proxy_training,,0.014508552,78200.000000,1,1134.568751,18m 54.6s,medium-high,Three seeds fit in 1 wave(s).,ok,
MDS,resnet50_feature_extraction,,0.005823977,391.000000,1,2.277175,2.277s,medium-high,One feature pass per seed; checkpoint loading is excluded.,ok,
MDS,class_medians_and_distances,,0.008235168,539.794001,1,4.445294,4.445s,medium-low,Scaled from a balanced synthetic probe; median cost includes an n log n correction.,ok,
MDS,four_middle_band_sorts_and_masks,,0.016534887,1.000000,1,0.016535,0.017s,high,The current implementation calls argsort independently for each ratio.,ok,
MoSo,eight_trial_surrogate_training,60,0.157610416,2500.000000,2,394.026040,6m 34.0s,medium,Eight trials are scheduled as 2 waves on 4 machines; each trial trains on about N/8 samples for 50 epochs.,ok,Conservative convention: the full 8-trial training/scoring pipeline is repeated independently for every target keep ratio.
MoSo,ten_checkpoint_exact_gradient_scoring,60,0.012878399,250000.000000,2,3220.165387,53m 40.2s,low-medium,Each sampled checkpoint makes two per-sample gradient passes over one trial support set. This stage is highly sensitive to PyTorch/CUDA versions.,ok,Conservative convention: the full 8-trial training/scoring pipeline is repeated independently for every target keep ratio.
MoSo,mask_export,60,0.003878252,1.000000,1,0.003878,0.004s,high,Sorting and mask construction only; disk writing is excluded.,ok,Conservative convention: the full 8-trial training/scoring pipeline is repeated independently for every target keep ratio.
MoSo,eight_trial_surrogate_training,70,0.157610416,2500.000000,2,394.026040,6m 34.0s,medium,Eight trials are scheduled as 2 waves on 4 machines; each trial trains on about N/8 samples for 50 epochs.,ok,Conservative convention: the full 8-trial training/scoring pipeline is repeated independently for every target keep ratio.
MoSo,ten_checkpoint_exact_gradient_scoring,70,0.012878399,250000.000000,2,3220.165387,53m 40.2s,low-medium,Each sampled checkpoint makes two per-sample gradient passes over one trial support set. This stage is highly sensitive to PyTorch/CUDA versions.,ok,Conservative convention: the full 8-trial training/scoring pipeline is repeated independently for every target keep ratio.
MoSo,mask_export,70,0.003878252,1.000000,1,0.003878,0.004s,high,Sorting and mask construction only; disk writing is excluded.,ok,Conservative convention: the full 8-trial training/scoring pipeline is repeated independently for every target keep ratio.
MoSo,eight_trial_surrogate_training,80,0.157610416,2500.000000,2,394.026040,6m 34.0s,medium,Eight trials are scheduled as 2 waves on 4 machines; each trial trains on about N/8 samples for 50 epochs.,ok,Conservative convention: the full 8-trial training/scoring pipeline is repeated independently for every target keep ratio.
MoSo,ten_checkpoint_exact_gradient_scoring,80,0.012878399,250000.000000,2,3220.165387,53m 40.2s,low-medium,Each sampled checkpoint makes two per-sample gradient passes over one trial support set. This stage is highly sensitive to PyTorch/CUDA versions.,ok,Conservative convention: the full 8-trial training/scoring pipeline is repeated independently for every target keep ratio.
MoSo,mask_export,80,0.003878252,1.000000,1,0.003878,0.004s,high,Sorting and mask construction only; disk writing is excluded.,ok,Conservative convention: the full 8-trial training/scoring pipeline is repeated independently for every target keep ratio.
MoSo,eight_trial_surrogate_training,90,0.157610416,2500.000000,2,394.026040,6m 34.0s,medium,Eight trials are scheduled as 2 waves on 4 machines; each trial trains on about N/8 samples for 50 epochs.,ok,Conservative convention: the full 8-trial training/scoring pipeline is repeated independently for every target keep ratio.
MoSo,ten_checkpoint_exact_gradient_scoring,90,0.012878399,250000.000000,2,3220.165387,53m 40.2s,low-medium,Each sampled checkpoint makes two per-sample gradient passes over one trial support set. This stage is highly sensitive to PyTorch/CUDA versions.,ok,Conservative convention: the full 8-trial training/scoring pipeline is repeated independently for every target keep ratio.
MoSo,mask_export,90,0.003878252,1.000000,1,0.003878,0.004s,high,Sorting and mask construction only; disk writing is excluded.,ok,Conservative convention: the full 8-trial training/scoring pipeline is repeated independently for every target keep ratio.
YangCLIP,clip_adapter_training,,0.154862551,5859.375000,1,907.397758,15m 07.4s,medium,"actual local CLIP ViT-B/32; measured batch=256, target script batch=256. Model loading and image preprocessing are excluded.",ok,
YangCLIP,clip_feature_and_semantic_scoring,,0.157127418,195.312500,1,30.688949,30.689s,medium,One score pass per seed; three seeds fit in one four-machine wave.,ok,
YangCLIP,classwise_knn_diversity,,1.005717911,312.500000,1,314.286847,5m 14.3s,low-medium,Scaled quadratically in the 500 samples per CIFAR-100 class.,ok,
YangCLIP,optimization_based_mask,60,1.545085749,1.000000,1,1.545086,1.545s,medium,Converged in 1988 steps on synthetic 50k scores.,ok,
YangCLIP,optimization_based_mask,70,1.290416355,1.000000,1,1.290416,1.290s,medium,Converged in 1690 steps on synthetic 50k scores.,ok,
YangCLIP,optimization_based_mask,80,1.115173629,1.000000,1,1.115174,1.115s,medium,Converged in 1463 steps on synthetic 50k scores.,ok,
YangCLIP,optimization_based_mask,90,0.986376356,1.000000,1,0.986376,0.986s,medium,Converged in 1295 steps on synthetic 50k scores.,ok,
RLSelector,one_epoch_feature_warmup,60,0.053860305,196.000000,1,10.556620,10.557s,medium-high,The script performs this additional full pass only in epoch 0 of each ratio run.,ok,
RLSelector,classwise_distance_matrix_each_epoch,60,0.000722579,4000.000000,1,2.890316,2.890s,medium,Measured on 5 full 500-sample classes and scaled to 100 classes.,ok,
RLSelector,rl_guided_training,60,0.053763348,39200.000000,1,2107.523229,35m 07.5s,medium-high,"Includes ResNet18 backward, mask reward, actor update, and critic update.",ok,
RLSelector,validation_each_epoch,60,0.015084877,8000.000000,1,120.679018,2m 00.7s,medium,Matches RLSelector/train.py.,ok,
RLSelector,topk_mask_export,60,0.001011062,1.000000,1,0.001011,0.001s,high,One target ratio per independent run.,ok,
RLSelector,one_epoch_feature_warmup,70,0.051731104,196.000000,1,10.139296,10.139s,medium-high,The script performs this additional full pass only in epoch 0 of each ratio run.,ok,
RLSelector,classwise_distance_matrix_each_epoch,70,0.000722579,4000.000000,1,2.890316,2.890s,medium,Measured on 5 full 500-sample classes and scaled to 100 classes.,ok,
RLSelector,rl_guided_training,70,0.054904170,39200.000000,1,2152.243477,35m 52.2s,medium-high,"Includes ResNet18 backward, mask reward, actor update, and critic update.",ok,
RLSelector,validation_each_epoch,70,0.015131631,8000.000000,1,121.053051,2m 01.1s,medium,Matches RLSelector/train.py.,ok,
RLSelector,topk_mask_export,70,0.000830267,1.000000,1,0.000830,0.001s,high,One target ratio per independent run.,ok,
RLSelector,one_epoch_feature_warmup,80,0.051705649,196.000000,1,10.134307,10.134s,medium-high,The script performs this additional full pass only in epoch 0 of each ratio run.,ok,
RLSelector,classwise_distance_matrix_each_epoch,80,0.000722579,4000.000000,1,2.890316,2.890s,medium,Measured on 5 full 500-sample classes and scaled to 100 classes.,ok,
RLSelector,rl_guided_training,80,0.055053397,39200.000000,1,2158.093178,35m 58.1s,medium-high,"Includes ResNet18 backward, mask reward, actor update, and critic update.",ok,
RLSelector,validation_each_epoch,80,0.015119433,8000.000000,1,120.955464,2m 01.0s,medium,Matches RLSelector/train.py.,ok,
RLSelector,topk_mask_export,80,0.000914568,1.000000,1,0.000915,0.001s,high,One target ratio per independent run.,ok,
RLSelector,one_epoch_feature_warmup,90,0.051667237,196.000000,1,10.126779,10.127s,medium-high,The script performs this additional full pass only in epoch 0 of each ratio run.,ok,
RLSelector,classwise_distance_matrix_each_epoch,90,0.000722579,4000.000000,1,2.890316,2.890s,medium,Measured on 5 full 500-sample classes and scaled to 100 classes.,ok,
RLSelector,rl_guided_training,90,0.054951846,39200.000000,1,2154.112378,35m 54.1s,medium-high,"Includes ResNet18 backward, mask reward, actor update, and critic update.",ok,
RLSelector,validation_each_epoch,90,0.015179655,8000.000000,1,121.437240,2m 01.4s,medium,Matches RLSelector/train.py.,ok,
RLSelector,topk_mask_export,90,0.000996520,1.000000,1,0.000997,0.001s,high,One target ratio per independent run.,ok,
